{
  "project_info": {
    "project_number": "754468417123",
    "project_id": "project-x-71e3f",
    "storage_bucket": "project-x-71e3f.appspot.com"
  },
  "client": [
    {
      "client_info": {
        "mobilesdk_app_id": "1:754468417123:android:a9ee108e0e6f8d9deb9256",
        "android_client_info": {
          "package_name": "com.dream.project.project"
        }
      },
      "oauth_client": [
        {
          "client_id": "754468417123-cqiodh36iq1va09idqbess3ps2jce2rq.apps.googleusercontent.com",
          "client_type": 3
        }
      ],
      "api_key": [
        {
          "current_key": "AIzaSyDKC8lCl28DveTacpMysMabud_ix8sgzcc"
        }
      ],
      "services": {
        "appinvite_service": {
          "other_platform_oauth_client": [
            {
              "client_id": "754468417123-cqiodh36iq1va09idqbess3ps2jce2rq.apps.googleusercontent.com",
              "client_type": 3
            },
            {
              "client_id": "754468417123-fssbg697gn8ncs44gjqh8frd2mb3rikq.apps.googleusercontent.com",
              "client_type": 2,
              "ios_info": {
                "bundle_id": "com.dream.project.project"
              }
            }
          ]
        }
      }
    }
  ],
  "configuration_version": "1"
}